--
-- PostgreSQL database dump
--

-- Dumped from database version 9.6.10
-- Dumped by pg_dump version 9.6.10

SET statement_timeout = 0;
SET lock_timeout = 0;
SET idle_in_transaction_session_timeout = 0;
SET client_encoding = 'SQL_ASCII';
SET standard_conforming_strings = on;
SELECT pg_catalog.set_config('search_path', '', false);
SET check_function_bodies = false;
SET client_min_messages = warning;
SET row_security = off;

--
-- Name: plpgsql; Type: EXTENSION; Schema: -; Owner: 
--

CREATE EXTENSION IF NOT EXISTS plpgsql WITH SCHEMA pg_catalog;


--
-- Name: EXTENSION plpgsql; Type: COMMENT; Schema: -; Owner: 
--

COMMENT ON EXTENSION plpgsql IS 'PL/pgSQL procedural language';


SET default_tablespace = '';

SET default_with_oids = false;

--
-- Name: auth_group; Type: TABLE; Schema: public; Owner: kasia
--

CREATE TABLE public.auth_group (
    id integer NOT NULL,
    name character varying(80) NOT NULL
);


ALTER TABLE public.auth_group OWNER TO kasia;

--
-- Name: auth_group_id_seq; Type: SEQUENCE; Schema: public; Owner: kasia
--

CREATE SEQUENCE public.auth_group_id_seq
    START WITH 1
    INCREMENT BY 1
    NO MINVALUE
    NO MAXVALUE
    CACHE 1;


ALTER TABLE public.auth_group_id_seq OWNER TO kasia;

--
-- Name: auth_group_id_seq; Type: SEQUENCE OWNED BY; Schema: public; Owner: kasia
--

ALTER SEQUENCE public.auth_group_id_seq OWNED BY public.auth_group.id;


--
-- Name: auth_group_permissions; Type: TABLE; Schema: public; Owner: kasia
--

CREATE TABLE public.auth_group_permissions (
    id integer NOT NULL,
    group_id integer NOT NULL,
    permission_id integer NOT NULL
);


ALTER TABLE public.auth_group_permissions OWNER TO kasia;

--
-- Name: auth_group_permissions_id_seq; Type: SEQUENCE; Schema: public; Owner: kasia
--

CREATE SEQUENCE public.auth_group_permissions_id_seq
    START WITH 1
    INCREMENT BY 1
    NO MINVALUE
    NO MAXVALUE
    CACHE 1;


ALTER TABLE public.auth_group_permissions_id_seq OWNER TO kasia;

--
-- Name: auth_group_permissions_id_seq; Type: SEQUENCE OWNED BY; Schema: public; Owner: kasia
--

ALTER SEQUENCE public.auth_group_permissions_id_seq OWNED BY public.auth_group_permissions.id;


--
-- Name: auth_permission; Type: TABLE; Schema: public; Owner: kasia
--

CREATE TABLE public.auth_permission (
    id integer NOT NULL,
    name character varying(255) NOT NULL,
    content_type_id integer NOT NULL,
    codename character varying(100) NOT NULL
);


ALTER TABLE public.auth_permission OWNER TO kasia;

--
-- Name: auth_permission_id_seq; Type: SEQUENCE; Schema: public; Owner: kasia
--

CREATE SEQUENCE public.auth_permission_id_seq
    START WITH 1
    INCREMENT BY 1
    NO MINVALUE
    NO MAXVALUE
    CACHE 1;


ALTER TABLE public.auth_permission_id_seq OWNER TO kasia;

--
-- Name: auth_permission_id_seq; Type: SEQUENCE OWNED BY; Schema: public; Owner: kasia
--

ALTER SEQUENCE public.auth_permission_id_seq OWNED BY public.auth_permission.id;


--
-- Name: auth_user; Type: TABLE; Schema: public; Owner: kasia
--

CREATE TABLE public.auth_user (
    id integer NOT NULL,
    password character varying(128) NOT NULL,
    last_login timestamp with time zone,
    is_superuser boolean NOT NULL,
    username character varying(150) NOT NULL,
    first_name character varying(30) NOT NULL,
    last_name character varying(150) NOT NULL,
    email character varying(254) NOT NULL,
    is_staff boolean NOT NULL,
    is_active boolean NOT NULL,
    date_joined timestamp with time zone NOT NULL
);


ALTER TABLE public.auth_user OWNER TO kasia;

--
-- Name: auth_user_groups; Type: TABLE; Schema: public; Owner: kasia
--

CREATE TABLE public.auth_user_groups (
    id integer NOT NULL,
    user_id integer NOT NULL,
    group_id integer NOT NULL
);


ALTER TABLE public.auth_user_groups OWNER TO kasia;

--
-- Name: auth_user_groups_id_seq; Type: SEQUENCE; Schema: public; Owner: kasia
--

CREATE SEQUENCE public.auth_user_groups_id_seq
    START WITH 1
    INCREMENT BY 1
    NO MINVALUE
    NO MAXVALUE
    CACHE 1;


ALTER TABLE public.auth_user_groups_id_seq OWNER TO kasia;

--
-- Name: auth_user_groups_id_seq; Type: SEQUENCE OWNED BY; Schema: public; Owner: kasia
--

ALTER SEQUENCE public.auth_user_groups_id_seq OWNED BY public.auth_user_groups.id;


--
-- Name: auth_user_id_seq; Type: SEQUENCE; Schema: public; Owner: kasia
--

CREATE SEQUENCE public.auth_user_id_seq
    START WITH 1
    INCREMENT BY 1
    NO MINVALUE
    NO MAXVALUE
    CACHE 1;


ALTER TABLE public.auth_user_id_seq OWNER TO kasia;

--
-- Name: auth_user_id_seq; Type: SEQUENCE OWNED BY; Schema: public; Owner: kasia
--

ALTER SEQUENCE public.auth_user_id_seq OWNED BY public.auth_user.id;


--
-- Name: auth_user_user_permissions; Type: TABLE; Schema: public; Owner: kasia
--

CREATE TABLE public.auth_user_user_permissions (
    id integer NOT NULL,
    user_id integer NOT NULL,
    permission_id integer NOT NULL
);


ALTER TABLE public.auth_user_user_permissions OWNER TO kasia;

--
-- Name: auth_user_user_permissions_id_seq; Type: SEQUENCE; Schema: public; Owner: kasia
--

CREATE SEQUENCE public.auth_user_user_permissions_id_seq
    START WITH 1
    INCREMENT BY 1
    NO MINVALUE
    NO MAXVALUE
    CACHE 1;


ALTER TABLE public.auth_user_user_permissions_id_seq OWNER TO kasia;

--
-- Name: auth_user_user_permissions_id_seq; Type: SEQUENCE OWNED BY; Schema: public; Owner: kasia
--

ALTER SEQUENCE public.auth_user_user_permissions_id_seq OWNED BY public.auth_user_user_permissions.id;


--
-- Name: django_admin_log; Type: TABLE; Schema: public; Owner: kasia
--

CREATE TABLE public.django_admin_log (
    id integer NOT NULL,
    action_time timestamp with time zone NOT NULL,
    object_id text,
    object_repr character varying(200) NOT NULL,
    action_flag smallint NOT NULL,
    change_message text NOT NULL,
    content_type_id integer,
    user_id integer NOT NULL,
    CONSTRAINT django_admin_log_action_flag_check CHECK ((action_flag >= 0))
);


ALTER TABLE public.django_admin_log OWNER TO kasia;

--
-- Name: django_admin_log_id_seq; Type: SEQUENCE; Schema: public; Owner: kasia
--

CREATE SEQUENCE public.django_admin_log_id_seq
    START WITH 1
    INCREMENT BY 1
    NO MINVALUE
    NO MAXVALUE
    CACHE 1;


ALTER TABLE public.django_admin_log_id_seq OWNER TO kasia;

--
-- Name: django_admin_log_id_seq; Type: SEQUENCE OWNED BY; Schema: public; Owner: kasia
--

ALTER SEQUENCE public.django_admin_log_id_seq OWNED BY public.django_admin_log.id;


--
-- Name: django_content_type; Type: TABLE; Schema: public; Owner: kasia
--

CREATE TABLE public.django_content_type (
    id integer NOT NULL,
    app_label character varying(100) NOT NULL,
    model character varying(100) NOT NULL
);


ALTER TABLE public.django_content_type OWNER TO kasia;

--
-- Name: django_content_type_id_seq; Type: SEQUENCE; Schema: public; Owner: kasia
--

CREATE SEQUENCE public.django_content_type_id_seq
    START WITH 1
    INCREMENT BY 1
    NO MINVALUE
    NO MAXVALUE
    CACHE 1;


ALTER TABLE public.django_content_type_id_seq OWNER TO kasia;

--
-- Name: django_content_type_id_seq; Type: SEQUENCE OWNED BY; Schema: public; Owner: kasia
--

ALTER SEQUENCE public.django_content_type_id_seq OWNED BY public.django_content_type.id;


--
-- Name: django_migrations; Type: TABLE; Schema: public; Owner: kasia
--

CREATE TABLE public.django_migrations (
    id integer NOT NULL,
    app character varying(255) NOT NULL,
    name character varying(255) NOT NULL,
    applied timestamp with time zone NOT NULL
);


ALTER TABLE public.django_migrations OWNER TO kasia;

--
-- Name: django_migrations_id_seq; Type: SEQUENCE; Schema: public; Owner: kasia
--

CREATE SEQUENCE public.django_migrations_id_seq
    START WITH 1
    INCREMENT BY 1
    NO MINVALUE
    NO MAXVALUE
    CACHE 1;


ALTER TABLE public.django_migrations_id_seq OWNER TO kasia;

--
-- Name: django_migrations_id_seq; Type: SEQUENCE OWNED BY; Schema: public; Owner: kasia
--

ALTER SEQUENCE public.django_migrations_id_seq OWNED BY public.django_migrations.id;


--
-- Name: django_session; Type: TABLE; Schema: public; Owner: kasia
--

CREATE TABLE public.django_session (
    session_key character varying(40) NOT NULL,
    session_data text NOT NULL,
    expire_date timestamp with time zone NOT NULL
);


ALTER TABLE public.django_session OWNER TO kasia;

--
-- Name: film_comments; Type: TABLE; Schema: public; Owner: kasia
--

CREATE TABLE public.film_comments (
    id integer NOT NULL,
    text character varying(250) NOT NULL,
    movies_id integer NOT NULL
);


ALTER TABLE public.film_comments OWNER TO kasia;

--
-- Name: film_comments_id_seq; Type: SEQUENCE; Schema: public; Owner: kasia
--

CREATE SEQUENCE public.film_comments_id_seq
    START WITH 1
    INCREMENT BY 1
    NO MINVALUE
    NO MAXVALUE
    CACHE 1;


ALTER TABLE public.film_comments_id_seq OWNER TO kasia;

--
-- Name: film_comments_id_seq; Type: SEQUENCE OWNED BY; Schema: public; Owner: kasia
--

ALTER SEQUENCE public.film_comments_id_seq OWNED BY public.film_comments.id;


--
-- Name: film_movies; Type: TABLE; Schema: public; Owner: kasia
--

CREATE TABLE public.film_movies (
    id integer NOT NULL,
    title character varying(100) NOT NULL,
    year character varying(48) NOT NULL,
    rated character varying(48) NOT NULL,
    relased character varying(48) NOT NULL,
    runtime character varying(48) NOT NULL,
    genre character varying(48) NOT NULL,
    plot character varying(250) NOT NULL,
    language character varying(48) NOT NULL
);


ALTER TABLE public.film_movies OWNER TO kasia;

--
-- Name: film_movies_id_seq; Type: SEQUENCE; Schema: public; Owner: kasia
--

CREATE SEQUENCE public.film_movies_id_seq
    START WITH 1
    INCREMENT BY 1
    NO MINVALUE
    NO MAXVALUE
    CACHE 1;


ALTER TABLE public.film_movies_id_seq OWNER TO kasia;

--
-- Name: film_movies_id_seq; Type: SEQUENCE OWNED BY; Schema: public; Owner: kasia
--

ALTER SEQUENCE public.film_movies_id_seq OWNED BY public.film_movies.id;


--
-- Name: auth_group id; Type: DEFAULT; Schema: public; Owner: kasia
--

ALTER TABLE ONLY public.auth_group ALTER COLUMN id SET DEFAULT nextval('public.auth_group_id_seq'::regclass);


--
-- Name: auth_group_permissions id; Type: DEFAULT; Schema: public; Owner: kasia
--

ALTER TABLE ONLY public.auth_group_permissions ALTER COLUMN id SET DEFAULT nextval('public.auth_group_permissions_id_seq'::regclass);


--
-- Name: auth_permission id; Type: DEFAULT; Schema: public; Owner: kasia
--

ALTER TABLE ONLY public.auth_permission ALTER COLUMN id SET DEFAULT nextval('public.auth_permission_id_seq'::regclass);


--
-- Name: auth_user id; Type: DEFAULT; Schema: public; Owner: kasia
--

ALTER TABLE ONLY public.auth_user ALTER COLUMN id SET DEFAULT nextval('public.auth_user_id_seq'::regclass);


--
-- Name: auth_user_groups id; Type: DEFAULT; Schema: public; Owner: kasia
--

ALTER TABLE ONLY public.auth_user_groups ALTER COLUMN id SET DEFAULT nextval('public.auth_user_groups_id_seq'::regclass);


--
-- Name: auth_user_user_permissions id; Type: DEFAULT; Schema: public; Owner: kasia
--

ALTER TABLE ONLY public.auth_user_user_permissions ALTER COLUMN id SET DEFAULT nextval('public.auth_user_user_permissions_id_seq'::regclass);


--
-- Name: django_admin_log id; Type: DEFAULT; Schema: public; Owner: kasia
--

ALTER TABLE ONLY public.django_admin_log ALTER COLUMN id SET DEFAULT nextval('public.django_admin_log_id_seq'::regclass);


--
-- Name: django_content_type id; Type: DEFAULT; Schema: public; Owner: kasia
--

ALTER TABLE ONLY public.django_content_type ALTER COLUMN id SET DEFAULT nextval('public.django_content_type_id_seq'::regclass);


--
-- Name: django_migrations id; Type: DEFAULT; Schema: public; Owner: kasia
--

ALTER TABLE ONLY public.django_migrations ALTER COLUMN id SET DEFAULT nextval('public.django_migrations_id_seq'::regclass);


--
-- Name: film_comments id; Type: DEFAULT; Schema: public; Owner: kasia
--

ALTER TABLE ONLY public.film_comments ALTER COLUMN id SET DEFAULT nextval('public.film_comments_id_seq'::regclass);


--
-- Name: film_movies id; Type: DEFAULT; Schema: public; Owner: kasia
--

ALTER TABLE ONLY public.film_movies ALTER COLUMN id SET DEFAULT nextval('public.film_movies_id_seq'::regclass);


--
-- Data for Name: auth_group; Type: TABLE DATA; Schema: public; Owner: kasia
--

COPY public.auth_group (id, name) FROM stdin;
\.


--
-- Name: auth_group_id_seq; Type: SEQUENCE SET; Schema: public; Owner: kasia
--

SELECT pg_catalog.setval('public.auth_group_id_seq', 1, false);


--
-- Data for Name: auth_group_permissions; Type: TABLE DATA; Schema: public; Owner: kasia
--

COPY public.auth_group_permissions (id, group_id, permission_id) FROM stdin;
\.


--
-- Name: auth_group_permissions_id_seq; Type: SEQUENCE SET; Schema: public; Owner: kasia
--

SELECT pg_catalog.setval('public.auth_group_permissions_id_seq', 1, false);


--
-- Data for Name: auth_permission; Type: TABLE DATA; Schema: public; Owner: kasia
--

COPY public.auth_permission (id, name, content_type_id, codename) FROM stdin;
1	Can add log entry	1	add_logentry
2	Can change log entry	1	change_logentry
3	Can delete log entry	1	delete_logentry
4	Can view log entry	1	view_logentry
5	Can add group	2	add_group
6	Can change group	2	change_group
7	Can delete group	2	delete_group
8	Can view group	2	view_group
9	Can add permission	3	add_permission
10	Can change permission	3	change_permission
11	Can delete permission	3	delete_permission
12	Can view permission	3	view_permission
13	Can add user	4	add_user
14	Can change user	4	change_user
15	Can delete user	4	delete_user
16	Can view user	4	view_user
17	Can add content type	5	add_contenttype
18	Can change content type	5	change_contenttype
19	Can delete content type	5	delete_contenttype
20	Can view content type	5	view_contenttype
21	Can add session	6	add_session
22	Can change session	6	change_session
23	Can delete session	6	delete_session
24	Can view session	6	view_session
25	Can add movies	7	add_movies
26	Can change movies	7	change_movies
27	Can delete movies	7	delete_movies
28	Can view movies	7	view_movies
29	Can add comments	8	add_comments
30	Can change comments	8	change_comments
31	Can delete comments	8	delete_comments
32	Can view comments	8	view_comments
\.


--
-- Name: auth_permission_id_seq; Type: SEQUENCE SET; Schema: public; Owner: kasia
--

SELECT pg_catalog.setval('public.auth_permission_id_seq', 32, true);


--
-- Data for Name: auth_user; Type: TABLE DATA; Schema: public; Owner: kasia
--

COPY public.auth_user (id, password, last_login, is_superuser, username, first_name, last_name, email, is_staff, is_active, date_joined) FROM stdin;
1	pbkdf2_sha256$120000$QZ0OJqBFTJa9$uU7fdyPxl8kn5/2l3yF5ORbbUaoloZJ8Kj3gktU9Eco=	2018-10-01 20:07:40.636272+02	t	kasia			kasia@kasia.pl	t	t	2018-09-25 22:08:52.263578+02
\.


--
-- Data for Name: auth_user_groups; Type: TABLE DATA; Schema: public; Owner: kasia
--

COPY public.auth_user_groups (id, user_id, group_id) FROM stdin;
\.


--
-- Name: auth_user_groups_id_seq; Type: SEQUENCE SET; Schema: public; Owner: kasia
--

SELECT pg_catalog.setval('public.auth_user_groups_id_seq', 1, false);


--
-- Name: auth_user_id_seq; Type: SEQUENCE SET; Schema: public; Owner: kasia
--

SELECT pg_catalog.setval('public.auth_user_id_seq', 1, true);


--
-- Data for Name: auth_user_user_permissions; Type: TABLE DATA; Schema: public; Owner: kasia
--

COPY public.auth_user_user_permissions (id, user_id, permission_id) FROM stdin;
\.


--
-- Name: auth_user_user_permissions_id_seq; Type: SEQUENCE SET; Schema: public; Owner: kasia
--

SELECT pg_catalog.setval('public.auth_user_user_permissions_id_seq', 1, false);


--
-- Data for Name: django_admin_log; Type: TABLE DATA; Schema: public; Owner: kasia
--

COPY public.django_admin_log (id, action_time, object_id, object_repr, action_flag, change_message, content_type_id, user_id) FROM stdin;
1	2018-09-26 12:39:53.501293+02	1	tets	1	[{"added": {}}]	7	1
2	2018-09-26 12:41:14.913304+02	2	The Godfather	1	[{"added": {}}]	7	1
3	2018-09-26 18:44:50.504771+02	1	super	1	[{"added": {}}]	8	1
4	2018-09-27 22:45:39.420486+02	18	dsfas	3		7	1
5	2018-09-27 22:45:39.484126+02	17	gfdsg	3		7	1
6	2018-09-27 22:45:39.508402+02	16	ghjj	3		7	1
7	2018-09-27 22:45:39.567439+02	15	uyjk	3		7	1
8	2018-09-27 22:45:39.6271+02	14	sdfaasdf	3		7	1
9	2018-09-27 22:45:39.662135+02	13	sadfsa	3		7	1
10	2018-09-27 22:45:39.6841+02	12	khjk	3		7	1
11	2018-09-27 22:45:39.70814+02	11	fdgd4	3		7	1
12	2018-09-27 22:45:39.725748+02	10	dfasfasf	3		7	1
13	2018-09-27 22:45:39.750476+02	9	a	3		7	1
14	2018-09-27 22:45:39.792522+02	8	Uga	3		7	1
15	2018-09-27 22:45:39.836651+02	7	dfas	3		7	1
16	2018-09-27 22:45:39.884158+02	6	sdafsaf	3		7	1
17	2018-09-27 22:45:39.917521+02	5	cfdgdf	3		7	1
18	2018-09-27 22:45:39.942108+02	4	fsdf	3		7	1
19	2018-09-27 22:45:39.959173+02	3	fsdf	3		7	1
20	2018-09-27 22:45:39.983604+02	1	tets	3		7	1
21	2018-09-27 22:58:27.303317+02	23	Mamma Mia	3		7	1
22	2018-09-27 22:58:27.330306+02	22	fdg	3		7	1
23	2018-09-27 22:58:27.347872+02	21	dfsa	3		7	1
24	2018-09-27 22:58:27.372103+02	20	sadf	3		7	1
25	2018-09-27 22:58:27.389509+02	19	Mamma Mia	3		7	1
\.


--
-- Name: django_admin_log_id_seq; Type: SEQUENCE SET; Schema: public; Owner: kasia
--

SELECT pg_catalog.setval('public.django_admin_log_id_seq', 25, true);


--
-- Data for Name: django_content_type; Type: TABLE DATA; Schema: public; Owner: kasia
--

COPY public.django_content_type (id, app_label, model) FROM stdin;
1	admin	logentry
2	auth	group
3	auth	permission
4	auth	user
5	contenttypes	contenttype
6	sessions	session
7	film	movies
8	film	comments
\.


--
-- Name: django_content_type_id_seq; Type: SEQUENCE SET; Schema: public; Owner: kasia
--

SELECT pg_catalog.setval('public.django_content_type_id_seq', 8, true);


--
-- Data for Name: django_migrations; Type: TABLE DATA; Schema: public; Owner: kasia
--

COPY public.django_migrations (id, app, name, applied) FROM stdin;
1	contenttypes	0001_initial	2018-09-25 22:08:15.023213+02
2	auth	0001_initial	2018-09-25 22:08:15.857848+02
3	admin	0001_initial	2018-09-25 22:08:16.127899+02
4	admin	0002_logentry_remove_auto_add	2018-09-25 22:08:16.186292+02
5	admin	0003_logentry_add_action_flag_choices	2018-09-25 22:08:16.235618+02
6	contenttypes	0002_remove_content_type_name	2018-09-25 22:08:16.325347+02
7	auth	0002_alter_permission_name_max_length	2018-09-25 22:08:16.402479+02
8	auth	0003_alter_user_email_max_length	2018-09-25 22:08:16.485494+02
9	auth	0004_alter_user_username_opts	2018-09-25 22:08:16.540844+02
10	auth	0005_alter_user_last_login_null	2018-09-25 22:08:16.608945+02
11	auth	0006_require_contenttypes_0002	2018-09-25 22:08:16.636369+02
12	auth	0007_alter_validators_add_error_messages	2018-09-25 22:08:16.683261+02
13	auth	0008_alter_user_username_max_length	2018-09-25 22:08:16.741796+02
14	auth	0009_alter_user_last_name_max_length	2018-09-25 22:08:16.802103+02
15	sessions	0001_initial	2018-09-25 22:08:17.003635+02
16	film	0001_initial	2018-09-26 12:36:32.524058+02
\.


--
-- Name: django_migrations_id_seq; Type: SEQUENCE SET; Schema: public; Owner: kasia
--

SELECT pg_catalog.setval('public.django_migrations_id_seq', 16, true);


--
-- Data for Name: django_session; Type: TABLE DATA; Schema: public; Owner: kasia
--

COPY public.django_session (session_key, session_data, expire_date) FROM stdin;
z3dz2jzdh78c4pn0zjidam26jql89h0m	ZjZmODY3MzJhOGJkNTc0MzQ1ZTViNDFjODMyMGI3YTZjYzVlNzkzNTp7Il9hdXRoX3VzZXJfYmFja2VuZCI6ImRqYW5nby5jb250cmliLmF1dGguYmFja2VuZHMuTW9kZWxCYWNrZW5kIiwiX2F1dGhfdXNlcl9pZCI6IjEiLCJfYXV0aF91c2VyX2hhc2giOiJkN2JmODMwMmZlNDc1ZmJkNGVmZTg1OWJlZTI4Y2Q2NTlhYTdlZTAwIn0=	2018-10-10 12:30:54.733073+02
browk165sts9gn21t672pc7qcklr56mz	ZTI0ZWI0YmY0ODhiNjUyMWFlOTkzZDQwNTcxNTJkNWRlNDU4ZWQ2Nzp7Il9hdXRoX3VzZXJfaWQiOiIxIiwiX2F1dGhfdXNlcl9iYWNrZW5kIjoiZGphbmdvLmNvbnRyaWIuYXV0aC5iYWNrZW5kcy5Nb2RlbEJhY2tlbmQiLCJfYXV0aF91c2VyX2hhc2giOiJkN2JmODMwMmZlNDc1ZmJkNGVmZTg1OWJlZTI4Y2Q2NTlhYTdlZTAwIn0=	2018-10-15 20:07:40.678196+02
\.


--
-- Data for Name: film_comments; Type: TABLE DATA; Schema: public; Owner: kasia
--

COPY public.film_comments (id, text, movies_id) FROM stdin;
3	Elo  elo 320	2
1	super	2
2	tru tu tu tu tu	25
5	extra	33
6	słabe	30
7	bardzo dobry film, 5+	29
8	podoba mi się	32
9	mocne	29
10	ładnie śpiewają	24
11	uśmiałam się do  łez	26
12	wow brawo	34
13	warto  zobaczyć	32
14	warto iść do kina	31
15	wzruszyłam się, piękny!	28
16	to jest dobry serial	25
17	ekstra efekty specjalne	30
4	To jest bardzo dobry film. Taaaaaaak!	2
\.


--
-- Name: film_comments_id_seq; Type: SEQUENCE SET; Schema: public; Owner: kasia
--

SELECT pg_catalog.setval('public.film_comments_id_seq', 17, true);


--
-- Data for Name: film_movies; Type: TABLE DATA; Schema: public; Owner: kasia
--

COPY public.film_movies (id, title, year, rated, relased, runtime, genre, plot, language) FROM stdin;
2	The Godfather	1972	9,2/10	31 December 1972	2h 55min	Crime , Drama	The aging patriarch of an organized crime dynasty transfers control of his clandestine empire to his reluctant son.	English | Italian | Latin
24	Mamma Mia	1998	N/A	01 Jul 1998	25 min	Short, Comedy	Urban stories, love affairs and parental relationships.	Italian
25	This Is Us	2016–	TV-14	20 Sep 2016	45 min	Comedy, Drama, Romance	A heartwarming and emotional story about a unique set of triplets, their struggles, and their wonderful parents.	English
26	Scary Movie	2000	R	07 Jul 2000	88 min	Comedy	A year after disposing of the body of a man they accidentally killed, a group of dumb teenagers are stalked by a bumbling serial killer.	English
27	Moonlight	2016	R	18 Nov 2016	111 min	Drama	A chronicle of the childhood, adolescence and burgeoning adulthood of a young, African-American, gay man growing up in a rough neighborhood of Miami.	English
28	The King's Speech	2010	R	25 Dec 2010	118 min	Biography, Drama, History	The story of King George VI of the United Kingdom of Great Britain and Northern Ireland, his impromptu ascension to the throne and the speech therapist who helped the unsure monarch become worthy of it.	English
29	Slumdog Millionaire	2008	R	25 Dec 2008	120 min	Drama, Romance	A Mumbai teen reflects on his upbringing in the slums when he is accused of cheating on the Indian Version of "Who Wants to be a Millionaire?"	English, Hindi, French, German
30	Jurassic World	2015	PG-13	12 Jun 2015	124 min	Action, Adventure, Sci-Fi	A new theme park, built on the original site of Jurassic Park, creates a genetically modified hybrid dinosaur, which escapes containment and goes on a killing spree.	English
31	Black Panther	2018	PG-13	16 Feb 2018	134 min	Action, Adventure, Sci-Fi	T'Challa, heir to the hidden but advanced kingdom of Wakanda, must step forward to lead his people into a new future and must confront a challenger from his country's past.	Swahili, Nama, English, Xhosa, Korean
32	The Shawshank Redemption	1994	R	14 Oct 1994	142 min	Drama	Two imprisoned men bond over a number of years, finding solace and eventual redemption through acts of common decency.	English
33	Pulp Fiction	1994	R	14 Oct 1994	154 min	Crime, Drama	The lives of two mob hitmen, a boxer, a gangster's wife, and a pair of diner bandits intertwine in four tales of violence and redemption.	English, Spanish, French
34	Star Wars	1977	PG	25 May 1977	121 min	Action, Adventure, Fantasy	Luke Skywalker joins forces with a Jedi Knight, a cocky pilot, a Wookiee and two droids to save the galaxy from the Empire's world-destroying battle station, while also attempting to rescue Princess Leia from the evil Darth Vader.	English
35	Papas	2002	N/A	27 Jul 2002	35 min	Short	A look at two young gay men raising adopted siblings. The details shown highlight the commonality of the challenges of raising children regardless of the sexual orientation of the parents.	German
\.


--
-- Name: film_movies_id_seq; Type: SEQUENCE SET; Schema: public; Owner: kasia
--

SELECT pg_catalog.setval('public.film_movies_id_seq', 35, true);


--
-- Name: auth_group auth_group_name_key; Type: CONSTRAINT; Schema: public; Owner: kasia
--

ALTER TABLE ONLY public.auth_group
    ADD CONSTRAINT auth_group_name_key UNIQUE (name);


--
-- Name: auth_group_permissions auth_group_permissions_group_id_permission_id_0cd325b0_uniq; Type: CONSTRAINT; Schema: public; Owner: kasia
--

ALTER TABLE ONLY public.auth_group_permissions
    ADD CONSTRAINT auth_group_permissions_group_id_permission_id_0cd325b0_uniq UNIQUE (group_id, permission_id);


--
-- Name: auth_group_permissions auth_group_permissions_pkey; Type: CONSTRAINT; Schema: public; Owner: kasia
--

ALTER TABLE ONLY public.auth_group_permissions
    ADD CONSTRAINT auth_group_permissions_pkey PRIMARY KEY (id);


--
-- Name: auth_group auth_group_pkey; Type: CONSTRAINT; Schema: public; Owner: kasia
--

ALTER TABLE ONLY public.auth_group
    ADD CONSTRAINT auth_group_pkey PRIMARY KEY (id);


--
-- Name: auth_permission auth_permission_content_type_id_codename_01ab375a_uniq; Type: CONSTRAINT; Schema: public; Owner: kasia
--

ALTER TABLE ONLY public.auth_permission
    ADD CONSTRAINT auth_permission_content_type_id_codename_01ab375a_uniq UNIQUE (content_type_id, codename);


--
-- Name: auth_permission auth_permission_pkey; Type: CONSTRAINT; Schema: public; Owner: kasia
--

ALTER TABLE ONLY public.auth_permission
    ADD CONSTRAINT auth_permission_pkey PRIMARY KEY (id);


--
-- Name: auth_user_groups auth_user_groups_pkey; Type: CONSTRAINT; Schema: public; Owner: kasia
--

ALTER TABLE ONLY public.auth_user_groups
    ADD CONSTRAINT auth_user_groups_pkey PRIMARY KEY (id);


--
-- Name: auth_user_groups auth_user_groups_user_id_group_id_94350c0c_uniq; Type: CONSTRAINT; Schema: public; Owner: kasia
--

ALTER TABLE ONLY public.auth_user_groups
    ADD CONSTRAINT auth_user_groups_user_id_group_id_94350c0c_uniq UNIQUE (user_id, group_id);


--
-- Name: auth_user auth_user_pkey; Type: CONSTRAINT; Schema: public; Owner: kasia
--

ALTER TABLE ONLY public.auth_user
    ADD CONSTRAINT auth_user_pkey PRIMARY KEY (id);


--
-- Name: auth_user_user_permissions auth_user_user_permissions_pkey; Type: CONSTRAINT; Schema: public; Owner: kasia
--

ALTER TABLE ONLY public.auth_user_user_permissions
    ADD CONSTRAINT auth_user_user_permissions_pkey PRIMARY KEY (id);


--
-- Name: auth_user_user_permissions auth_user_user_permissions_user_id_permission_id_14a6b632_uniq; Type: CONSTRAINT; Schema: public; Owner: kasia
--

ALTER TABLE ONLY public.auth_user_user_permissions
    ADD CONSTRAINT auth_user_user_permissions_user_id_permission_id_14a6b632_uniq UNIQUE (user_id, permission_id);


--
-- Name: auth_user auth_user_username_key; Type: CONSTRAINT; Schema: public; Owner: kasia
--

ALTER TABLE ONLY public.auth_user
    ADD CONSTRAINT auth_user_username_key UNIQUE (username);


--
-- Name: django_admin_log django_admin_log_pkey; Type: CONSTRAINT; Schema: public; Owner: kasia
--

ALTER TABLE ONLY public.django_admin_log
    ADD CONSTRAINT django_admin_log_pkey PRIMARY KEY (id);


--
-- Name: django_content_type django_content_type_app_label_model_76bd3d3b_uniq; Type: CONSTRAINT; Schema: public; Owner: kasia
--

ALTER TABLE ONLY public.django_content_type
    ADD CONSTRAINT django_content_type_app_label_model_76bd3d3b_uniq UNIQUE (app_label, model);


--
-- Name: django_content_type django_content_type_pkey; Type: CONSTRAINT; Schema: public; Owner: kasia
--

ALTER TABLE ONLY public.django_content_type
    ADD CONSTRAINT django_content_type_pkey PRIMARY KEY (id);


--
-- Name: django_migrations django_migrations_pkey; Type: CONSTRAINT; Schema: public; Owner: kasia
--

ALTER TABLE ONLY public.django_migrations
    ADD CONSTRAINT django_migrations_pkey PRIMARY KEY (id);


--
-- Name: django_session django_session_pkey; Type: CONSTRAINT; Schema: public; Owner: kasia
--

ALTER TABLE ONLY public.django_session
    ADD CONSTRAINT django_session_pkey PRIMARY KEY (session_key);


--
-- Name: film_comments film_comments_pkey; Type: CONSTRAINT; Schema: public; Owner: kasia
--

ALTER TABLE ONLY public.film_comments
    ADD CONSTRAINT film_comments_pkey PRIMARY KEY (id);


--
-- Name: film_movies film_movies_pkey; Type: CONSTRAINT; Schema: public; Owner: kasia
--

ALTER TABLE ONLY public.film_movies
    ADD CONSTRAINT film_movies_pkey PRIMARY KEY (id);


--
-- Name: auth_group_name_a6ea08ec_like; Type: INDEX; Schema: public; Owner: kasia
--

CREATE INDEX auth_group_name_a6ea08ec_like ON public.auth_group USING btree (name varchar_pattern_ops);


--
-- Name: auth_group_permissions_group_id_b120cbf9; Type: INDEX; Schema: public; Owner: kasia
--

CREATE INDEX auth_group_permissions_group_id_b120cbf9 ON public.auth_group_permissions USING btree (group_id);


--
-- Name: auth_group_permissions_permission_id_84c5c92e; Type: INDEX; Schema: public; Owner: kasia
--

CREATE INDEX auth_group_permissions_permission_id_84c5c92e ON public.auth_group_permissions USING btree (permission_id);


--
-- Name: auth_permission_content_type_id_2f476e4b; Type: INDEX; Schema: public; Owner: kasia
--

CREATE INDEX auth_permission_content_type_id_2f476e4b ON public.auth_permission USING btree (content_type_id);


--
-- Name: auth_user_groups_group_id_97559544; Type: INDEX; Schema: public; Owner: kasia
--

CREATE INDEX auth_user_groups_group_id_97559544 ON public.auth_user_groups USING btree (group_id);


--
-- Name: auth_user_groups_user_id_6a12ed8b; Type: INDEX; Schema: public; Owner: kasia
--

CREATE INDEX auth_user_groups_user_id_6a12ed8b ON public.auth_user_groups USING btree (user_id);


--
-- Name: auth_user_user_permissions_permission_id_1fbb5f2c; Type: INDEX; Schema: public; Owner: kasia
--

CREATE INDEX auth_user_user_permissions_permission_id_1fbb5f2c ON public.auth_user_user_permissions USING btree (permission_id);


--
-- Name: auth_user_user_permissions_user_id_a95ead1b; Type: INDEX; Schema: public; Owner: kasia
--

CREATE INDEX auth_user_user_permissions_user_id_a95ead1b ON public.auth_user_user_permissions USING btree (user_id);


--
-- Name: auth_user_username_6821ab7c_like; Type: INDEX; Schema: public; Owner: kasia
--

CREATE INDEX auth_user_username_6821ab7c_like ON public.auth_user USING btree (username varchar_pattern_ops);


--
-- Name: django_admin_log_content_type_id_c4bce8eb; Type: INDEX; Schema: public; Owner: kasia
--

CREATE INDEX django_admin_log_content_type_id_c4bce8eb ON public.django_admin_log USING btree (content_type_id);


--
-- Name: django_admin_log_user_id_c564eba6; Type: INDEX; Schema: public; Owner: kasia
--

CREATE INDEX django_admin_log_user_id_c564eba6 ON public.django_admin_log USING btree (user_id);


--
-- Name: django_session_expire_date_a5c62663; Type: INDEX; Schema: public; Owner: kasia
--

CREATE INDEX django_session_expire_date_a5c62663 ON public.django_session USING btree (expire_date);


--
-- Name: django_session_session_key_c0390e0f_like; Type: INDEX; Schema: public; Owner: kasia
--

CREATE INDEX django_session_session_key_c0390e0f_like ON public.django_session USING btree (session_key varchar_pattern_ops);


--
-- Name: film_comments_movies_id_1121069f; Type: INDEX; Schema: public; Owner: kasia
--

CREATE INDEX film_comments_movies_id_1121069f ON public.film_comments USING btree (movies_id);


--
-- Name: auth_group_permissions auth_group_permissio_permission_id_84c5c92e_fk_auth_perm; Type: FK CONSTRAINT; Schema: public; Owner: kasia
--

ALTER TABLE ONLY public.auth_group_permissions
    ADD CONSTRAINT auth_group_permissio_permission_id_84c5c92e_fk_auth_perm FOREIGN KEY (permission_id) REFERENCES public.auth_permission(id) DEFERRABLE INITIALLY DEFERRED;


--
-- Name: auth_group_permissions auth_group_permissions_group_id_b120cbf9_fk_auth_group_id; Type: FK CONSTRAINT; Schema: public; Owner: kasia
--

ALTER TABLE ONLY public.auth_group_permissions
    ADD CONSTRAINT auth_group_permissions_group_id_b120cbf9_fk_auth_group_id FOREIGN KEY (group_id) REFERENCES public.auth_group(id) DEFERRABLE INITIALLY DEFERRED;


--
-- Name: auth_permission auth_permission_content_type_id_2f476e4b_fk_django_co; Type: FK CONSTRAINT; Schema: public; Owner: kasia
--

ALTER TABLE ONLY public.auth_permission
    ADD CONSTRAINT auth_permission_content_type_id_2f476e4b_fk_django_co FOREIGN KEY (content_type_id) REFERENCES public.django_content_type(id) DEFERRABLE INITIALLY DEFERRED;


--
-- Name: auth_user_groups auth_user_groups_group_id_97559544_fk_auth_group_id; Type: FK CONSTRAINT; Schema: public; Owner: kasia
--

ALTER TABLE ONLY public.auth_user_groups
    ADD CONSTRAINT auth_user_groups_group_id_97559544_fk_auth_group_id FOREIGN KEY (group_id) REFERENCES public.auth_group(id) DEFERRABLE INITIALLY DEFERRED;


--
-- Name: auth_user_groups auth_user_groups_user_id_6a12ed8b_fk_auth_user_id; Type: FK CONSTRAINT; Schema: public; Owner: kasia
--

ALTER TABLE ONLY public.auth_user_groups
    ADD CONSTRAINT auth_user_groups_user_id_6a12ed8b_fk_auth_user_id FOREIGN KEY (user_id) REFERENCES public.auth_user(id) DEFERRABLE INITIALLY DEFERRED;


--
-- Name: auth_user_user_permissions auth_user_user_permi_permission_id_1fbb5f2c_fk_auth_perm; Type: FK CONSTRAINT; Schema: public; Owner: kasia
--

ALTER TABLE ONLY public.auth_user_user_permissions
    ADD CONSTRAINT auth_user_user_permi_permission_id_1fbb5f2c_fk_auth_perm FOREIGN KEY (permission_id) REFERENCES public.auth_permission(id) DEFERRABLE INITIALLY DEFERRED;


--
-- Name: auth_user_user_permissions auth_user_user_permissions_user_id_a95ead1b_fk_auth_user_id; Type: FK CONSTRAINT; Schema: public; Owner: kasia
--

ALTER TABLE ONLY public.auth_user_user_permissions
    ADD CONSTRAINT auth_user_user_permissions_user_id_a95ead1b_fk_auth_user_id FOREIGN KEY (user_id) REFERENCES public.auth_user(id) DEFERRABLE INITIALLY DEFERRED;


--
-- Name: django_admin_log django_admin_log_content_type_id_c4bce8eb_fk_django_co; Type: FK CONSTRAINT; Schema: public; Owner: kasia
--

ALTER TABLE ONLY public.django_admin_log
    ADD CONSTRAINT django_admin_log_content_type_id_c4bce8eb_fk_django_co FOREIGN KEY (content_type_id) REFERENCES public.django_content_type(id) DEFERRABLE INITIALLY DEFERRED;


--
-- Name: django_admin_log django_admin_log_user_id_c564eba6_fk_auth_user_id; Type: FK CONSTRAINT; Schema: public; Owner: kasia
--

ALTER TABLE ONLY public.django_admin_log
    ADD CONSTRAINT django_admin_log_user_id_c564eba6_fk_auth_user_id FOREIGN KEY (user_id) REFERENCES public.auth_user(id) DEFERRABLE INITIALLY DEFERRED;


--
-- Name: film_comments film_comments_movies_id_1121069f_fk_film_movies_id; Type: FK CONSTRAINT; Schema: public; Owner: kasia
--

ALTER TABLE ONLY public.film_comments
    ADD CONSTRAINT film_comments_movies_id_1121069f_fk_film_movies_id FOREIGN KEY (movies_id) REFERENCES public.film_movies(id) DEFERRABLE INITIALLY DEFERRED;


--
-- PostgreSQL database dump complete
--

